City_ID,City,Country,Date,Lat,Lng,Max Temp,Humidity,Cloudiness,Wind Speed
0,Castro,BR,2021-07-22 16:40:07,-24.7911,-50.0119,66.92,35,0,6.29
1,Hilo,US,2021-07-22 16:40:08,19.7297,-155.09,73.13,90,90,5.75
2,Kavaratti,IN,2021-07-22 16:40:09,10.5669,72.642,82.51,81,100,22.19
3,Oranjemund,NA,2021-07-22 16:40:09,-28.55,16.4333,57.0,56,7,22.82
4,Vaini,TO,2021-07-22 16:40:10,-21.2,-175.2,69.96,94,20,3.44
5,Tecpan,GT,2021-07-22 16:40:10,14.7623,-90.9947,65.16,52,74,7.63
6,Airai,TL,2021-07-22 16:40:11,-8.9266,125.4092,54.77,51,3,1.88
7,Iqaluit,CA,2021-07-22 16:40:12,63.7506,-68.5145,51.53,76,75,13.0
8,Arraial Do Cabo,BR,2021-07-22 16:40:12,-22.9661,-42.0278,75.06,60,20,9.22
9,Saskylakh,RU,2021-07-22 16:40:13,71.9167,114.0833,58.33,67,90,14.05
10,Moron,AR,2021-07-22 16:40:13,-34.6534,-58.6198,66.02,54,100,5.01
11,New Norfolk,AU,2021-07-22 16:40:14,-42.7826,147.0587,50.92,64,100,1.01
12,Georgetown,MY,2021-07-22 16:40:15,5.4112,100.3354,86.9,69,20,1.14
13,Rikitea,PF,2021-07-22 16:40:15,-23.1203,-134.9692,72.16,73,9,13.49
14,Hobart,AU,2021-07-22 16:36:50,-42.8794,147.3294,51.26,63,100,1.01
15,Jamestown,US,2021-07-22 16:40:16,42.097,-79.2353,73.29,62,20,3.0
16,Sainte-Suzanne,RE,2021-07-22 16:40:17,-20.9061,55.6089,68.22,83,75,13.8
17,Severo-Kurilsk,RU,2021-07-22 16:40:17,50.6789,156.125,49.14,94,66,5.17
18,Mar Del Plata,AR,2021-07-22 16:39:14,-38.0023,-57.5575,58.12,63,0,11.99
19,Hermanus,ZA,2021-07-22 16:40:18,-34.4187,19.2345,49.89,69,54,8.12
20,Punta Arenas,CL,2021-07-22 16:40:18,-53.15,-70.9167,39.31,87,20,5.75
21,Torrelavega,ES,2021-07-22 16:40:19,43.3494,-4.0479,72.64,97,19,1.01
22,Roald,NO,2021-07-22 16:40:19,62.5833,6.1333,61.72,82,75,9.22
23,Montana,BG,2021-07-22 16:40:20,43.4125,23.225,74.55,42,55,5.14
24,Ugoofaaru,MV,2021-07-22 16:40:21,5.6667,73.0,83.23,76,100,15.86
25,Katsuura,JP,2021-07-22 16:35:45,35.1333,140.3,80.11,84,41,3.62
26,Kodiak,US,2021-07-22 16:40:21,57.79,-152.4072,53.11,87,90,14.97
27,Krasnoselkup,RU,2021-07-22 16:40:22,65.7,82.4667,58.1,84,85,5.79
28,Sioux Lookout,CA,2021-07-22 16:40:22,50.1001,-91.917,68.07,68,90,2.3
29,Ocosingo,MX,2021-07-22 16:40:22,17.0667,-92.25,71.44,54,43,5.91
30,Barrow,US,2021-07-22 16:40:23,71.2906,-156.7887,35.62,93,90,13.8
31,Moscow,RU,2021-07-22 16:40:23,55.7522,37.6156,68.43,39,25,5.41
32,Port Alfred,ZA,2021-07-22 16:40:24,-33.5906,26.891,51.84,73,100,24.9
33,Busselton,AU,2021-07-22 16:40:24,-33.65,115.3333,55.09,74,100,17.43
34,Jibuti,DJ,2021-07-22 16:40:25,11.5,42.5,96.22,32,41,8.84
35,Chifeng,CN,2021-07-22 16:39:10,42.2683,118.9636,72.68,74,89,5.68
36,Baherden,TM,2021-07-22 16:40:26,38.4362,57.4316,92.75,13,0,6.04
37,Kloulklubed,PW,2021-07-22 16:40:26,7.0419,134.2556,84.7,77,83,18.3
38,Saint-Philippe,RE,2021-07-22 16:40:26,-21.3585,55.7679,67.59,75,51,12.57
39,Luderitz,NA,2021-07-22 16:40:27,-26.6481,15.1594,60.01,45,4,21.25
40,Mayfield,US,2021-07-22 16:40:27,36.7417,-88.6367,85.91,68,1,4.92
41,Lorengau,PG,2021-07-22 16:40:28,-2.0226,147.2712,81.5,78,63,6.98
42,Albany,US,2021-07-22 16:40:28,42.6001,-73.9662,79.18,54,86,1.01
43,Auki,SB,2021-07-22 16:40:30,-8.7676,160.7034,76.91,89,99,2.73
44,Vostryakovo,RU,2021-07-22 16:40:30,55.4006,37.8111,68.27,32,0,13.42
45,Nishihara,JP,2021-07-22 16:40:31,26.1842,127.7558,80.65,97,90,25.32
46,Yagodnoye,RU,2021-07-22 16:40:32,62.55,149.6667,54.41,97,100,7.83
47,Atuona,PF,2021-07-22 16:40:32,-9.8,-139.0333,77.31,73,100,12.86
48,Ushuaia,AR,2021-07-22 16:40:32,-54.8,-68.3,47.82,81,75,3.44
49,Bluff,NZ,2021-07-22 16:40:33,-46.6,168.3333,40.8,83,62,11.5
50,Qaanaaq,GL,2021-07-22 16:40:33,77.484,-69.3632,44.67,66,64,4.41
51,Lagoa,PT,2021-07-22 16:37:57,39.05,-27.9833,67.62,74,55,15.37
52,Hasaki,JP,2021-07-22 16:36:05,35.7333,140.8333,77.29,86,98,6.55
53,Carnarvon,AU,2021-07-22 16:40:34,-24.8667,113.6333,55.47,69,1,5.75
54,Batsfjord,NO,2021-07-22 16:40:34,70.6345,29.7185,48.42,81,75,32.21
55,College,US,2021-07-22 16:38:30,64.8569,-147.8028,64.72,71,75,0.0
56,Mataura,NZ,2021-07-22 16:40:35,-46.1927,168.8643,40.48,97,9,2.89
57,Saldanha,ZA,2021-07-22 16:40:36,-33.0117,17.9442,51.85,64,13,11.83
58,Laguna,US,2021-07-22 16:40:36,38.421,-121.4238,93.04,62,1,1.01
59,Tautira,PF,2021-07-22 16:40:37,-17.7333,-149.15,71.62,71,23,12.44
60,Mweka,CD,2021-07-22 16:40:37,-4.85,21.5667,80.71,25,66,2.08
61,Nikolskoye,RU,2021-07-22 16:40:38,59.7035,30.7861,68.02,56,97,10.27
62,La Orilla,MX,2021-07-22 16:40:38,17.9833,-102.2333,82.9,74,80,2.95
63,Hithadhoo,MV,2021-07-22 16:39:12,-0.6,73.0833,80.13,80,100,12.62
64,Cape Town,ZA,2021-07-22 16:40:39,-33.9258,18.4232,50.88,76,75,1.01
65,Dikson,RU,2021-07-22 16:35:47,73.5069,80.5464,46.99,100,100,23.8
66,Adrar,MR,2021-07-22 16:40:39,20.5022,-10.0711,106.14,7,97,8.19
67,Taitung,TW,2021-07-22 16:40:40,22.7583,121.1444,81.09,86,100,3.33
68,Reshetylivka,UA,2021-07-22 16:40:40,49.565,34.0782,69.96,48,26,12.88
69,Sitka,US,2021-07-22 16:40:41,57.0531,-135.33,58.89,72,75,0.0
70,Olafsvik,IS,2021-07-22 16:40:41,64.8945,-23.7142,52.32,97,100,15.48
71,Port Hedland,AU,2021-07-22 16:40:42,-20.3167,118.5667,69.85,78,68,10.36
72,Mao,ES,2021-07-22 16:40:42,39.8885,4.2658,88.36,37,0,10.36
73,Sayyan,YE,2021-07-22 16:40:43,15.1718,44.3244,61.56,81,93,6.11
74,Evanston,US,2021-07-22 16:36:22,42.0411,-87.6901,81.01,70,90,1.01
75,Hoddesdon,GB,2021-07-22 16:40:44,51.7615,-0.0114,85.48,70,34,11.48
76,Cayenne,GF,2021-07-22 16:35:59,4.9333,-52.3333,87.1,74,20,5.01
77,Sioux Falls,US,2021-07-22 16:38:55,43.55,-96.7003,80.98,68,20,19.57
78,Ahipara,NZ,2021-07-22 16:40:45,-35.1667,173.1667,52.97,88,8,4.63
79,Hay River,CA,2021-07-22 16:40:45,60.8156,-115.7999,64.38,77,75,4.61
80,Chicama,PE,2021-07-22 16:40:46,-7.8447,-79.1469,64.94,60,32,9.98
81,Bethel,US,2021-07-22 16:38:45,41.3712,-73.414,81.16,60,1,1.99
82,Bambous Virieux,MU,2021-07-22 16:40:46,-20.3428,57.7575,71.22,68,40,12.66
83,Sarmanovo,RU,2021-07-22 16:40:47,55.2553,52.5891,59.68,93,79,11.83
84,Mackenzie,CA,2021-07-22 16:40:47,55.2999,-123.1698,53.82,71,75,12.66
85,Uige,AO,2021-07-22 16:40:48,-7.6087,15.0613,84.22,39,20,9.22
86,Yellowknife,CA,2021-07-22 16:38:36,62.456,-114.3525,63.12,88,75,6.91
87,San Isidro,PE,2021-07-22 16:40:49,-12.1167,-77.05,66.02,83,90,1.01
88,Faanui,PF,2021-07-22 16:40:49,-16.4833,-151.75,78.13,75,10,15.41
89,Bredasdorp,ZA,2021-07-22 16:40:50,-34.5322,20.0403,47.52,71,45,3.44
90,Ponta Do Sol,PT,2021-07-22 16:40:51,32.6667,-17.1,81.12,55,0,5.57
91,Okhotsk,RU,2021-07-22 16:40:51,59.3833,143.3,54.99,95,100,4.79
92,Maceio,BR,2021-07-22 16:35:53,-9.6658,-35.7353,81.84,61,75,12.66
93,Mumford,GH,2021-07-22 16:40:52,5.2618,-0.759,77.76,79,58,12.73
94,Usinsk,RU,2021-07-22 16:40:52,65.9939,57.5281,52.48,56,60,8.86
95,Naze,JP,2021-07-22 16:40:53,28.3667,129.4833,76.51,91,100,26.71
96,Zhigansk,RU,2021-07-22 16:40:54,66.7697,123.3711,58.6,87,81,6.44
97,Cherskiy,RU,2021-07-22 16:36:55,68.75,161.3,56.91,63,95,5.14
98,Richards Bay,ZA,2021-07-22 16:40:54,-28.783,32.0377,62.44,33,31,14.9
99,Husavik,IS,2021-07-22 16:40:54,66.0449,-17.3389,69.71,65,24,6.85
100,Hualmay,PE,2021-07-22 16:40:55,-11.0964,-77.6139,68.27,69,32,10.87
101,Elizabeth City,US,2021-07-22 16:40:56,36.2946,-76.2511,83.05,62,1,13.8
102,Negara,ID,2021-07-22 16:40:56,-8.3151,114.6025,74.75,89,52,8.23
103,Uruzgan,AF,2021-07-22 16:40:57,32.8333,66.0,77.95,15,16,1.36
104,Daru,PG,2021-07-22 16:39:23,-9.0763,143.2092,76.41,79,100,12.95
105,Bilibino,RU,2021-07-22 16:40:57,68.0546,166.4372,54.39,47,100,3.38
106,Aripuana,BR,2021-07-22 16:40:58,-9.1667,-60.6333,97.0,21,0,5.06
107,Puerto Ayora,EC,2021-07-22 16:40:58,-0.7393,-90.3518,76.96,91,100,8.01
108,Codrington,AU,2021-07-22 16:40:59,-38.2667,141.9667,42.22,95,100,10.98
109,Ribeira Grande,PT,2021-07-22 16:41:00,38.5167,-28.7,72.0,60,40,12.66
110,Emerald,AU,2021-07-22 16:41:00,-23.5333,148.1667,55.54,62,0,8.05
111,Te Anau,NZ,2021-07-22 16:41:01,-45.4167,167.7167,35.96,91,38,0.43
112,Talnakh,RU,2021-07-22 16:41:01,69.4865,88.3972,59.41,95,100,14.16
113,Contamana,PE,2021-07-22 16:41:02,-7.3333,-75.0167,88.14,37,10,4.16
114,Tiksi,RU,2021-07-22 16:41:03,71.6872,128.8694,39.06,85,100,3.62
115,Butaritari,KI,2021-07-22 16:41:03,3.0707,172.7902,83.23,75,54,16.58
116,Coihaique,CL,2021-07-22 16:41:04,-45.5752,-72.0662,49.95,66,75,4.61
117,Quatre Cocos,MU,2021-07-22 16:41:04,-20.2078,57.7625,71.1,67,26,16.42
118,Ginir,ET,2021-07-22 16:41:04,7.1333,40.7,62.96,72,73,8.32
119,Tual,ID,2021-07-22 16:41:05,-5.6667,132.75,79.61,80,75,16.11
120,Coquimbo,CL,2021-07-22 16:40:00,-29.9533,-71.3436,53.33,87,75,8.05
121,Hambantota,LK,2021-07-22 16:41:06,6.1241,81.1185,81.01,77,100,21.09
122,Awbari,LY,2021-07-22 16:41:06,26.5921,12.7805,97.39,14,0,12.06
123,Sembe,CG,2021-07-22 16:41:07,1.6481,14.5806,78.21,73,99,4.0
124,Kapaa,US,2021-07-22 16:41:08,22.0752,-159.319,75.52,84,75,1.99
125,Tupik,RU,2021-07-22 16:41:08,54.4253,119.9327,63.03,99,95,2.95
126,Touros,BR,2021-07-22 16:38:43,-5.1989,-35.4608,83.3,62,84,21.09
127,Tezu,IN,2021-07-22 16:41:09,27.9167,96.1667,78.51,89,21,4.83
128,Roma,US,2021-07-22 16:38:50,43.2128,-75.4557,75.96,56,1,1.01
129,Saint-Joseph,RE,2021-07-22 16:38:05,-21.3667,55.6167,66.58,74,66,10.54
130,Tasiilaq,GL,2021-07-22 16:41:10,65.6145,-37.6368,44.76,97,100,11.5
131,Ostrovnoy,RU,2021-07-22 16:40:30,68.0531,39.5131,44.82,84,100,9.75
132,Polignano A Mare,IT,2021-07-22 16:41:10,40.9959,17.2159,88.21,50,0,12.06
133,Boguchany,RU,2021-07-22 16:41:11,58.3814,97.4531,56.35,88,11,2.89
134,Los Llanos De Aridane,ES,2021-07-22 16:41:12,28.6585,-17.9182,73.15,78,0,24.16
135,Mogadishu,SO,2021-07-22 16:41:12,2.0371,45.3438,77.18,85,38,21.12
136,Upernavik,GL,2021-07-22 16:41:12,72.7868,-56.1549,42.42,88,100,5.21
137,Alofi,NU,2021-07-22 16:41:13,-19.0595,-169.9187,67.89,94,5,1.14
138,Port Elizabeth,ZA,2021-07-22 16:41:13,-33.918,25.5701,46.69,87,75,23.02
139,Eirunepe,BR,2021-07-22 16:41:14,-6.6603,-69.8736,91.63,31,13,3.4
140,Norman Wells,CA,2021-07-22 16:41:14,65.282,-126.8329,64.44,77,75,0.0
141,Klaksvik,FO,2021-07-22 16:41:15,62.2266,-6.589,54.52,96,69,2.42
142,Fort Nelson,CA,2021-07-22 16:41:16,58.8053,-122.7002,56.79,88,90,8.05
143,Zhuji,CN,2021-07-22 16:41:16,29.7188,120.2423,80.51,98,18,3.65
144,Longyearbyen,SJ,2021-07-22 16:41:16,78.2186,15.6401,49.84,57,75,16.11
145,Tshane,BW,2021-07-22 16:41:17,-24.0196,21.8684,44.83,17,0,8.99
146,Mahebourg,MU,2021-07-22 16:41:18,-20.4081,57.7,71.26,68,40,12.66
147,Zhangye,CN,2021-07-22 16:39:08,38.9342,100.4517,84.24,28,63,9.26
148,Labuhan,ID,2021-07-22 16:41:18,-6.8844,112.2051,78.39,79,73,8.46
149,Inta,RU,2021-07-22 16:41:19,66.0317,60.1659,51.71,57,36,8.97
150,Southbridge,US,2021-07-22 16:41:20,42.0751,-72.0334,80.33,60,30,7.52
151,Torbay,CA,2021-07-22 16:41:20,47.6666,-52.7314,55.76,96,90,11.5
152,Killybegs,IE,2021-07-22 16:41:21,54.6333,-8.45,80.31,56,100,2.15
153,Akdepe,TM,2021-07-22 16:41:21,42.0551,59.3788,91.49,24,0,14.79
154,Vestmanna,FO,2021-07-22 16:41:22,62.1564,-7.1664,52.72,94,20,8.05
155,Portland,US,2021-07-22 16:40:07,45.5234,-122.6762,68.0,69,75,1.99
156,Tevaitoa,PF,2021-07-22 16:41:23,-16.7833,-151.5,77.74,73,12,15.41
157,Lebu,CL,2021-07-22 16:41:23,-37.6167,-73.65,55.17,71,79,5.12
158,Sobolevo,RU,2021-07-22 16:41:24,54.4299,31.8996,65.28,61,11,5.82
159,Sambava,MG,2021-07-22 16:41:24,-14.2667,50.1667,70.21,85,12,12.8
160,Bezhetsk,RU,2021-07-22 16:41:25,57.7851,36.6965,66.67,47,91,9.42
161,Boa Vista,BR,2021-07-22 16:41:26,2.8197,-60.6733,87.78,58,75,2.3
162,Leningradskiy,RU,2021-07-22 16:41:26,69.3833,178.4167,37.36,78,71,3.78
163,Souillac,MU,2021-07-22 16:41:27,-20.5167,57.5167,71.37,68,40,12.66
164,Bellevue,US,2021-07-22 16:41:27,47.6104,-122.2007,67.42,69,75,1.99
165,Dunedin,NZ,2021-07-22 16:41:28,-45.8742,170.5036,42.8,66,0,1.99
166,Carutapera,BR,2021-07-22 16:41:28,-1.195,-46.02,83.32,69,85,10.4
167,Honningsvag,NO,2021-07-22 16:41:29,70.9821,25.9704,42.55,81,75,17.27
168,Ola,RU,2021-07-22 16:41:30,59.5833,151.2833,53.85,97,100,2.8
169,Rocha,UY,2021-07-22 16:41:30,-34.4833,-54.3333,61.88,51,79,8.48
170,Tallahassee,US,2021-07-22 16:40:50,30.4383,-84.2807,91.67,70,75,1.01
171,Zaragoza,ES,2021-07-22 16:41:31,41.6561,-0.8773,104.45,15,0,3.0
172,Carayao,PY,2021-07-22 16:41:31,-25.1833,-56.4,84.47,17,0,5.7
173,Taggia,IT,2021-07-22 16:41:32,43.8485,7.8545,86.99,71,3,5.93
174,Mbala,ZM,2021-07-22 16:41:32,-8.8402,31.3659,64.89,40,16,5.86
175,Mama,RU,2021-07-22 16:41:33,58.3106,112.8986,64.13,86,92,5.55
176,Lompoc,US,2021-07-22 16:41:33,34.6391,-120.4579,69.48,91,90,5.75
177,Srednekolymsk,RU,2021-07-22 16:41:34,67.45,153.6833,51.71,69,34,7.78
178,Beya,RU,2021-07-22 16:41:34,53.0533,90.9139,63.32,88,92,2.35
179,Piterka,RU,2021-07-22 16:41:35,50.6803,47.4454,74.5,51,19,12.82
180,Sabha,LY,2021-07-22 16:41:35,27.0377,14.4283,95.92,16,0,11.86
181,Shache,CN,2021-07-22 16:41:36,38.4167,77.2406,77.77,35,6,7.85
182,Arman,RU,2021-07-22 16:37:54,59.7,150.1667,52.0,97,100,2.06
183,Port Hardy,CA,2021-07-22 16:41:36,50.6996,-127.4199,55.58,94,75,2.3
184,Sabang,ID,2021-07-22 16:41:37,5.8933,95.3214,83.52,76,61,20.0
185,Aklavik,CA,2021-07-22 16:41:37,68.2191,-135.0107,54.32,94,75,14.97
186,Karratha,AU,2021-07-22 16:41:38,-20.7377,116.8463,71.62,35,7,10.56
187,Mata,PT,2021-07-22 16:39:31,40.683,-7.4592,80.92,25,3,13.27
188,Victoria,HK,2021-07-22 16:40:18,22.2855,114.1577,85.95,80,62,4.0
189,Puerto Rico,AR,2021-07-22 16:41:39,-26.796,-55.024,79.45,29,0,4.05
190,Xapuri,BR,2021-07-22 16:41:40,-10.6517,-68.5044,84.85,24,1,2.64
191,Bengkulu,ID,2021-07-22 16:36:56,-3.8004,102.2655,75.69,85,36,3.74
192,Pacific Grove,US,2021-07-22 16:39:21,36.6177,-121.9166,69.62,89,90,3.0
193,Luganville,VU,2021-07-22 16:41:41,-15.5333,167.1667,76.59,88,29,1.57
194,Narsaq,GL,2021-07-22 16:39:45,60.9167,-46.05,55.62,62,30,6.26
195,Pimentel,PE,2021-07-22 16:41:41,-6.8367,-79.9342,70.09,78,90,4.0
196,Kutum,SD,2021-07-22 16:41:10,14.2,24.6667,75.94,59,82,7.74
197,Khatanga,RU,2021-07-22 16:41:42,71.9667,102.5,52.18,92,50,7.43
198,Lazaro Cardenas,MX,2021-07-22 16:38:59,17.9583,-102.2,83.03,74,83,3.42
199,Devils Lake,US,2021-07-22 16:41:43,48.1128,-98.8651,80.71,73,1,4.61
200,Cabimas,VE,2021-07-22 16:41:43,10.3883,-71.4399,89.4,58,69,7.11
201,Chuy,UY,2021-07-22 16:37:16,-33.6971,-53.4616,58.93,59,32,7.7
202,Deputatskiy,RU,2021-07-22 16:41:43,69.3,139.9,47.46,82,77,2.24
203,Evensk,RU,2021-07-22 16:41:44,61.95,159.2333,48.78,98,100,6.31
204,Menongue,AO,2021-07-22 16:41:44,-14.6585,17.691,63.3,16,47,5.1
205,Floro,NO,2021-07-22 16:41:45,61.5996,5.0328,73.24,72,40,12.66
206,Batesville,US,2021-07-22 16:41:45,35.7698,-91.641,87.62,69,1,0.0
207,Clyde River,CA,2021-07-22 16:41:46,70.4692,-68.5914,39.43,93,90,5.75
208,Brae,GB,2021-07-22 16:41:46,60.3964,-1.353,55.31,78,73,11.54
209,Inhambane,MZ,2021-07-22 16:41:47,-23.865,35.3833,69.78,60,0,11.5
210,Gizo,SB,2021-07-22 16:41:47,-8.103,156.8419,80.69,80,44,4.92
211,Aksha,RU,2021-07-22 16:41:48,50.2814,113.2867,59.74,94,78,3.76
212,Sringeri,IN,2021-07-22 16:41:48,13.4167,75.25,72.5,98,100,6.82
213,Nouadhibou,MR,2021-07-22 16:41:49,20.931,-17.0347,75.18,64,1,23.02
214,Cidreira,BR,2021-07-22 16:41:49,-30.1811,-50.2056,61.66,65,6,13.11
215,Oussouye,SN,2021-07-22 16:41:50,12.485,-16.5469,93.38,68,63,12.3
216,Goure,NE,2021-07-22 16:41:51,13.9835,10.2704,96.15,32,96,8.84
217,Moss Vale,AU,2021-07-22 16:41:51,-34.55,150.3833,47.34,72,100,3.89
218,Tuktoyaktuk,CA,2021-07-22 16:41:52,69.4541,-133.0374,50.0,93,90,14.97
219,Guerrero Negro,MX,2021-07-22 16:41:52,27.9769,-114.0611,77.54,60,7,8.1
220,Aizpute,LV,2021-07-22 16:41:53,56.7167,21.6,70.83,63,45,9.82
221,Paita,PE,2021-07-22 16:41:53,-5.0892,-81.1144,75.76,68,14,14.41
222,Qasigiannguit,GL,2021-07-22 16:41:54,68.8193,-51.1922,50.25,81,99,5.21
223,Constitucion,CL,2021-07-22 16:41:54,-35.3333,-72.4167,60.17,69,100,7.92
224,Alice Springs,AU,2021-07-22 16:40:24,-23.7,133.8833,60.35,36,5,5.75
225,Newport,GB,2021-07-22 16:39:12,51.5877,-2.9984,87.06,52,70,2.15
226,Kahului,US,2021-07-22 16:38:34,20.8947,-156.47,74.46,83,20,11.5
227,San Bartolome De Tirajana,ES,2021-07-22 16:41:55,27.9248,-15.5733,72.07,63,20,33.38
228,Fortuna,US,2021-07-22 16:38:40,40.5982,-124.1573,56.66,94,90,6.91
229,Kungurtug,RU,2021-07-22 16:41:55,50.5994,97.5228,59.14,72,100,0.78
230,Dzhebariki-Khaya,RU,2021-07-22 16:41:56,62.2167,135.8,61.99,93,81,1.36
231,Chipoka,MW,2021-07-22 16:41:56,-13.9933,34.5157,74.41,52,7,1.88
232,Schwandorf,DE,2021-07-22 16:41:57,49.3262,12.1093,79.47,61,57,0.72
233,Palmer,US,2021-07-22 16:41:58,42.1584,-72.3287,81.52,52,40,1.99
234,Ambilobe,MG,2021-07-22 16:41:58,-13.2,49.05,67.17,62,1,3.62
235,Avarua,CK,2021-07-22 16:41:59,-21.2078,-159.775,68.05,100,17,1.14
236,Horasan,TR,2021-07-22 16:41:59,40.0458,42.1728,69.12,67,61,6.53
237,Ixtapa,MX,2021-07-22 16:42:00,20.7,-105.2,88.23,74,40,4.61
238,Ancud,CL,2021-07-22 16:42:00,-41.8697,-73.8203,53.13,95,100,13.73
239,Terra Santa,BR,2021-07-22 16:42:01,-2.1042,-56.4869,94.8,39,54,6.69
240,Kuusamo,FI,2021-07-22 16:42:01,65.9667,29.1833,53.64,71,20,9.22
241,Bonavista,CA,2021-07-22 16:42:02,48.6499,-53.1147,57.2,84,100,11.83
242,Nanortalik,GL,2021-07-22 16:40:12,60.1432,-45.2371,45.66,84,64,13.49
243,Mehamn,NO,2021-07-22 16:42:03,71.0357,27.8492,44.51,81,75,16.11
244,Menzelinsk,RU,2021-07-22 16:42:03,55.7271,53.1026,60.04,92,89,12.91
245,Grindavik,IS,2021-07-22 16:42:03,63.8424,-22.4338,57.56,100,90,20.71
246,Ketchikan,US,2021-07-22 16:42:04,55.3422,-131.6461,55.87,88,90,9.22
247,Kurilsk,RU,2021-07-22 16:42:04,45.2333,147.8833,57.54,90,100,6.62
248,Tuatapere,NZ,2021-07-22 16:42:05,-46.1333,167.6833,40.82,87,7,5.5
249,Locri,IT,2021-07-22 16:42:05,38.2414,16.2623,86.58,60,0,9.15
250,Provideniya,RU,2021-07-22 16:42:06,64.3833,-173.3,42.37,81,100,2.37
251,East London,ZA,2021-07-22 16:42:07,-33.0153,27.9116,50.94,62,20,25.32
252,Taree,AU,2021-07-22 16:42:07,-31.9,152.4667,48.11,100,99,3.44
253,Morehead,US,2021-07-22 16:42:08,37.2711,-87.1764,84.15,67,1,0.0
254,Bellavista,PE,2021-07-22 16:42:08,-7.0561,-76.5911,81.88,78,20,3.44
255,Vieste,IT,2021-07-22 16:42:09,41.8825,16.175,90.1,52,3,8.32
256,Port Lincoln,AU,2021-07-22 16:41:31,-34.7333,135.8667,53.92,78,90,16.42
257,Wellington,NZ,2021-07-22 16:37:18,-41.2866,174.7756,49.06,69,99,1.99
258,Marfino,RU,2021-07-22 16:40:54,55.7028,37.3822,68.14,44,0,13.42
259,Leh,IN,2021-07-22 16:42:10,34.1667,77.5833,63.73,46,47,6.73
260,Kavieng,PG,2021-07-22 16:42:10,-2.5744,150.7967,81.57,80,46,11.88
261,Praia,CV,2021-07-22 16:42:11,14.9215,-23.5087,86.54,62,40,10.36
262,Matara,LK,2021-07-22 16:40:05,5.9485,80.5353,78.91,87,99,15.32
263,Jaisalmer,IN,2021-07-22 16:42:11,26.9147,70.9181,98.1,32,33,6.6
264,Akureyri,IS,2021-07-22 16:42:12,65.6835,-18.0878,69.73,49,75,11.5
265,Manta,EC,2021-07-22 16:42:12,-0.95,-80.7333,78.58,78,20,10.36
266,Saint George,US,2021-07-22 16:38:33,37.1041,-113.5841,93.34,41,1,1.01
267,Vanavara,RU,2021-07-22 16:42:13,60.34,102.2797,56.21,91,97,0.31
268,Kaitangata,NZ,2021-07-22 16:42:14,-46.2817,169.8464,40.93,81,7,5.82
269,Hudson Bay,CA,2021-07-22 16:42:14,52.85,-102.3842,85.75,43,64,8.08
270,Mattru,SL,2021-07-22 16:42:15,7.6244,-11.8332,77.18,90,82,5.19
271,Vikersund,NO,2021-07-22 16:42:15,59.9659,9.995,84.0,45,0,6.93
272,Port Moresby,PG,2021-07-22 16:42:16,-9.4431,147.1797,72.82,94,75,5.75
273,Nyurba,RU,2021-07-22 16:39:07,63.2842,118.3319,60.48,84,91,1.36
274,Vestmannaeyjar,IS,2021-07-22 16:42:16,63.4427,-20.2734,52.79,100,90,16.11
275,Meulaboh,ID,2021-07-22 16:42:17,4.1363,96.1285,78.33,85,100,3.06
276,Kidal,ML,2021-07-22 16:42:17,18.4411,1.4078,102.33,22,33,7.58
277,Geraldton,AU,2021-07-22 16:42:18,-28.7667,114.6,52.21,93,4,6.91
278,Ulaangom,MN,2021-07-22 16:42:19,49.9811,92.0667,75.27,33,100,4.45
279,Asosa,ET,2021-07-22 16:42:19,10.0667,34.5333,61.63,94,100,2.55
280,Paamiut,GL,2021-07-22 16:42:20,61.994,-49.6678,42.8,97,99,15.17
281,Manono,CD,2021-07-22 16:42:20,-7.3,27.4167,85.48,23,21,9.98
282,Santa Marta,CO,2021-07-22 16:41:53,11.2408,-74.199,94.33,62,18,15.19
283,Nantucket,US,2021-07-22 16:42:21,41.2835,-70.0995,75.34,68,1,17.27
284,Jasper,US,2021-07-22 16:37:31,37.2001,-94.3502,86.85,63,1,1.99
285,Lasa,IT,2021-07-22 16:42:22,46.6166,10.7002,74.14,72,36,1.77
286,Lubango,AO,2021-07-22 16:42:22,-14.9172,13.4925,75.06,1,0,6.91
287,Thompson,CA,2021-07-22 16:42:23,55.7435,-97.8558,73.56,60,1,8.05
288,Dingle,PH,2021-07-22 16:42:23,10.9995,122.6711,77.94,82,100,12.71
289,Shellbrook,CA,2021-07-22 16:42:24,53.2168,-106.4011,76.23,30,4,12.35
290,Barrhead,GB,2021-07-22 16:42:24,55.7992,-4.3929,81.93,58,80,1.01
291,Berlevag,NO,2021-07-22 16:42:25,70.8578,29.0864,44.55,81,75,29.93
292,Karabanovo,RU,2021-07-22 16:42:26,56.3167,38.7,66.85,59,47,4.76
293,Discovery Bay,US,2021-07-22 16:39:53,37.9085,-121.6002,79.56,45,1,4.61
294,Bubaque,GW,2021-07-22 16:42:26,11.2833,-15.8333,81.52,80,73,15.66
295,Fukumitsu,JP,2021-07-22 16:38:01,36.55,136.8667,78.66,91,44,3.69
296,Man,CI,2021-07-22 16:42:27,7.4125,-7.5538,81.84,71,72,2.21
297,Broome,US,2021-07-22 16:42:27,42.2506,-75.833,75.02,60,40,3.0
298,Fort Frances,CA,2021-07-22 16:39:22,48.5999,-93.4003,66.42,94,90,10.36
299,Marrakesh,MA,2021-07-22 16:42:28,31.6315,-8.0083,111.27,17,40,12.66
300,Willowmore,ZA,2021-07-22 16:42:28,-33.2926,23.4895,37.24,92,94,7.52
301,Peno,RU,2021-07-22 16:42:29,56.9262,32.7426,63.86,59,54,6.64
302,Ornskoldsvik,SE,2021-07-22 16:41:12,63.2909,18.7153,64.22,51,75,19.57
303,Maragogi,BR,2021-07-22 16:42:30,-9.0122,-35.2225,78.89,66,13,12.82
304,Sisimiut,GL,2021-07-22 16:42:30,66.9395,-53.6735,43.74,89,100,4.74
305,Napoleon,US,2021-07-22 16:42:31,41.3923,-84.1252,78.39,60,60,0.65
306,Fort-Shevchenko,KZ,2021-07-22 16:42:31,44.5086,50.263,88.29,46,40,7.76
307,Devonport,AU,2021-07-22 16:42:32,-41.1667,146.35,52.0,64,100,14.32
308,Chumikan,RU,2021-07-22 16:42:33,54.7183,135.315,61.47,88,34,3.18
309,Hami,CN,2021-07-22 16:42:33,42.8,93.45,96.33,15,53,11.05
310,Beringovskiy,RU,2021-07-22 16:42:33,63.05,179.3167,47.3,90,27,6.89
311,Birao,CF,2021-07-22 16:42:34,10.2849,22.7882,73.89,83,94,6.06
312,Mamallapuram,IN,2021-07-22 16:40:08,12.6264,80.1722,80.65,58,100,18.81
313,Eureka,US,2021-07-22 16:42:34,40.8021,-124.1637,56.93,85,0,6.38
314,Iquitos,PE,2021-07-22 16:42:35,-3.7481,-73.2472,86.04,58,40,9.22
315,Bajil,YE,2021-07-22 16:42:35,15.0584,43.2851,84.81,67,88,9.24
316,Ribeira Brava,PT,2021-07-22 16:42:36,32.65,-17.0667,81.12,55,0,3.38
317,Kaduqli,SD,2021-07-22 16:42:36,11.0167,29.7167,80.67,63,96,5.5
318,Grand Forks,US,2021-07-22 16:42:37,47.9417,-97.4337,82.33,66,20,6.91
319,Luan,CH,2021-07-22 16:42:37,46.3592,6.9759,75.27,50,2,5.99
320,Maldonado,UY,2021-07-22 16:38:27,-34.6667,-54.9167,63.79,50,83,7.92
321,Praya,CV,2021-07-22 16:42:37,14.9215,-23.5087,86.54,62,40,10.36
322,Ilulissat,GL,2021-07-22 16:42:38,69.2167,-51.1,50.02,50,75,10.36
323,Madingou,CG,2021-07-22 16:42:38,-4.1536,13.55,86.49,36,29,5.1
324,Chokurdakh,RU,2021-07-22 16:42:39,70.6333,147.9167,38.39,80,67,7.38
325,Kupang,ID,2021-07-22 16:42:40,-10.1667,123.5833,71.53,80,36,6.22
326,Isabela,PH,2021-07-22 16:42:40,6.7085,121.9711,79.47,87,99,7.74
327,San Miguel,SV,2021-07-22 16:42:41,13.4833,-88.1833,91.06,45,0,0.0
328,Green River,US,2021-07-22 16:42:42,41.5286,-109.4662,85.19,36,93,1.99
329,Yarmouth,US,2021-07-22 16:42:42,41.7057,-70.2286,79.36,67,20,14.0
330,Manokwari,ID,2021-07-22 16:42:43,-0.8667,134.0833,77.56,83,36,4.45
331,Araouane,ML,2021-07-22 16:42:43,18.9048,-3.5265,106.05,18,27,15.5
332,Taoudenni,ML,2021-07-22 16:42:44,22.6783,-3.9836,116.46,8,36,15.55
333,Flin Flon,CA,2021-07-22 16:42:44,54.7682,-101.865,69.64,94,90,10.36
334,Kununurra,AU,2021-07-22 16:42:45,-15.7667,128.7333,57.18,82,42,0.0
335,Jega,NG,2021-07-22 16:42:45,12.2175,4.3792,92.39,41,96,8.37
336,Krasnoarmeysk,RU,2021-07-22 16:42:46,51.0239,45.6969,69.3,71,97,9.73
337,Port Macquarie,AU,2021-07-22 16:40:43,-31.4333,152.9167,47.37,83,98,7.94
338,Aliwal North,ZA,2021-07-22 16:42:46,-30.6937,26.7114,33.39,57,17,8.86
339,Luau,AO,2021-07-22 16:42:47,-10.7073,22.2247,72.72,19,0,4.56
340,Bealanana,MG,2021-07-22 16:42:48,-14.55,48.7333,53.1,75,0,3.11
341,Parati,BR,2021-07-22 16:42:48,-23.2178,-44.7131,77.9,51,4,4.61
342,Mongu,ZM,2021-07-22 16:42:49,-15.2484,23.1274,65.77,15,14,8.03
343,Soyo,AO,2021-07-22 16:42:49,-6.1349,12.3689,78.85,78,22,9.44
344,Mehriz,IR,2021-07-22 16:42:49,31.5917,54.4318,93.7,14,2,4.7
345,Preeceville,CA,2021-07-22 16:42:50,51.95,-102.6677,84.51,44,38,11.39
346,Sevilla,ES,2021-07-22 16:40:32,37.3824,-5.9761,102.99,20,0,3.0
347,Tazovskiy,RU,2021-07-22 16:42:51,67.4667,78.7,56.1,69,26,11.65
348,Xichang,CN,2021-07-22 16:42:51,27.8964,102.2634,67.95,92,97,1.68
349,Sola,VU,2021-07-22 16:42:52,-13.8833,167.55,80.85,75,11,11.1
350,Teguldet,RU,2021-07-22 16:42:52,57.3064,88.1667,61.68,70,28,4.47
351,Buckeye,US,2021-07-22 16:42:05,33.3703,-112.5838,98.29,45,78,9.22
352,Mananjary,MG,2021-07-22 16:42:53,-21.2167,48.3333,68.07,84,0,4.99
353,Sahuaripa,MX,2021-07-22 16:42:54,29.05,-109.2333,88.2,49,65,2.53
354,Campestre,BR,2021-07-22 16:42:54,-21.7111,-46.2464,75.54,24,0,4.74
355,Jiaozuo,CN,2021-07-22 16:42:54,35.2397,113.2331,72.86,81,96,2.93
356,Edd,ER,2021-07-22 16:42:55,13.9297,41.6925,89.73,63,60,9.75
357,Charlestown,AU,2021-07-22 16:42:11,-32.95,151.6667,53.82,85,100,1.99
358,Barabinsk,RU,2021-07-22 16:42:56,55.3571,78.357,68.09,67,75,1.32
359,Pangai,TO,2021-07-22 16:42:56,-19.8,-174.35,76.66,80,100,10.47
360,Bolton,GB,2021-07-22 16:41:48,53.5833,-2.4333,87.3,43,24,7.29
361,Arlit,NE,2021-07-22 16:42:56,18.7369,7.3853,106.09,17,45,4.27
362,Guiyang,CN,2021-07-22 16:42:57,26.5833,106.7167,72.09,88,20,2.24
363,Lang Son,VN,2021-07-22 16:40:12,21.8333,106.7333,74.26,99,99,0.89
364,Mitsamiouli,KM,2021-07-22 16:42:58,-11.3847,43.2844,77.4,71,9,7.47
365,Fort Walton Beach,US,2021-07-22 16:42:58,30.4058,-86.6188,92.25,67,20,5.99
366,Mojo,ET,2021-07-22 16:42:58,8.6,39.1167,65.8,73,87,7.36
367,Dongsheng,CN,2021-07-22 16:42:59,39.8161,109.9776,69.37,75,100,14.29
368,Esna,EG,2021-07-22 16:43:00,25.2934,32.554,102.22,18,49,13.87
369,Kawalu,ID,2021-07-22 16:43:00,-7.3817,108.2082,72.32,89,84,0.81
370,Tiznit,MA,2021-07-22 16:43:01,29.5833,-9.5,97.57,19,49,4.41
371,Margate,GB,2021-07-22 16:43:01,51.3813,1.3862,77.18,65,0,3.0
372,San Patricio,US,2021-07-22 16:43:02,28.017,-97.5169,87.89,66,94,2.19
373,Cascas,PE,2021-07-22 16:43:02,-7.4833,-78.8167,83.98,36,5,10.74
374,Bathsheba,BB,2021-07-22 16:43:03,13.2167,-59.5167,86.61,70,40,20.71
375,Zakamensk,RU,2021-07-22 16:43:03,50.3741,103.2863,58.39,91,56,0.81
376,Filadelfia,US,2021-07-22 16:38:26,39.9523,-75.1638,81.27,51,75,1.99
377,Gold Coast,AU,2021-07-22 16:43:04,-28.0,153.4333,52.0,92,8,0.0
378,Esperance,AU,2021-07-22 16:43:05,-33.8667,121.9,51.64,74,13,15.82
379,Les Cayes,HT,2021-07-22 16:43:05,18.2,-73.75,86.14,65,86,12.15
380,Itoman,JP,2021-07-22 16:43:06,26.1247,127.6694,81.37,96,75,27.63
381,Magdagachi,RU,2021-07-22 16:43:06,53.45,125.8,66.2,98,69,4.68
382,Ust-Nera,RU,2021-07-22 16:43:07,64.5667,143.2,55.24,93,100,5.12
383,Cairns,AU,2021-07-22 16:43:08,-16.9167,145.7667,66.15,87,90,0.0
384,Dakar,SN,2021-07-22 16:43:08,14.6937,-17.4441,86.88,65,75,13.8
385,Sosnovo-Ozerskoye,RU,2021-07-22 16:43:09,52.5249,111.5418,52.09,94,33,3.51
386,Fairbanks,US,2021-07-22 16:40:36,64.8378,-147.7164,66.09,72,75,0.0
387,Taywarah,AF,2021-07-22 16:43:09,33.35,64.4167,62.55,29,66,7.9
388,Lodwar,KE,2021-07-22 16:43:10,3.1191,35.5973,89.24,34,25,7.52
389,Mayya,RU,2021-07-22 16:43:10,61.7333,130.2811,60.12,55,63,1.61
390,Isangel,VU,2021-07-22 16:43:11,-19.55,169.2667,73.65,88,99,8.97
391,Farafangana,MG,2021-07-22 16:43:11,-22.8167,47.8333,68.92,82,0,9.82
392,Kyabe,TD,2021-07-22 16:43:12,9.4515,18.9449,69.75,94,100,3.09
393,Guiratinga,BR,2021-07-22 16:43:12,-16.3494,-53.7583,92.08,18,2,8.61
394,Tucupita,VE,2021-07-22 16:43:13,9.0622,-62.051,84.85,76,85,5.32
395,Poum,NC,2021-07-22 16:43:14,-20.2333,164.0167,70.63,73,11,11.07
396,Salalah,OM,2021-07-22 16:43:14,17.0151,54.0924,80.69,89,75,6.91
397,Aitape,PG,2021-07-22 16:43:15,-3.1374,142.3475,78.35,87,97,5.73
398,Windhoek,NA,2021-07-22 16:43:15,-22.5594,17.0832,63.09,9,0,10.36
399,Nokaneng,BW,2021-07-22 16:43:16,-19.6667,22.2667,56.59,14,0,7.45
400,Ligayan,PH,2021-07-22 16:43:16,4.6533,119.4706,83.5,80,100,14.72
401,Sampit,ID,2021-07-22 16:43:17,-2.5333,112.95,73.49,90,97,2.08
402,Plettenberg Bay,ZA,2021-07-22 16:43:18,-34.0527,23.3716,48.9,79,100,10.27
403,Tianpeng,CN,2021-07-22 16:43:18,30.9866,103.9393,75.67,90,7,3.62
404,Omboue,GA,2021-07-22 16:43:19,-1.5746,9.2618,74.21,76,93,8.77
405,Corn Island,NI,2021-07-22 16:43:19,12.1694,-83.0418,82.15,83,100,25.1
406,Balvi,LV,2021-07-22 16:43:20,57.1313,27.2658,67.87,56,99,8.97
407,Aars,DK,2021-07-22 16:39:16,56.804,9.5144,75.24,68,2,13.78
408,Jiangmen,CN,2021-07-22 16:39:07,22.5833,113.0833,81.93,91,75,1.99
409,Ust-Koksa,RU,2021-07-22 16:43:20,50.2696,85.6108,60.31,92,100,1.03
410,Mazatlan,MX,2021-07-22 16:42:54,23.2167,-106.4167,90.91,65,8,4.34
411,Caravelas,BR,2021-07-22 16:43:21,-17.7125,-39.2481,76.64,60,54,9.04
412,Caxito,AO,2021-07-22 16:43:21,-8.5785,13.6643,75.85,80,71,10.11
413,Shimoda,JP,2021-07-22 16:43:22,34.6667,138.95,74.1,85,18,3.49
414,Segezha,RU,2021-07-22 16:43:22,63.7415,34.3222,56.32,80,100,8.25
415,Nampula,MZ,2021-07-22 16:43:23,-15.1165,39.2666,78.75,50,40,4.61
416,Urucui,BR,2021-07-22 16:43:23,-7.2294,-44.5561,96.26,20,18,10.56
417,Saint Anthony,US,2021-07-22 16:41:48,45.0205,-93.218,87.26,58,20,5.99
418,Sur,OM,2021-07-22 16:43:24,22.5667,59.5289,94.87,53,2,7.09
419,Puerto Cabello,VE,2021-07-22 16:43:25,10.4731,-68.0125,90.95,83,89,14.74
420,Hofn,IS,2021-07-22 16:43:25,64.2539,-15.2082,57.22,82,20,17.27
421,Beba,CU,2021-07-22 16:43:26,22.4437,-79.7253,88.07,60,32,11.07
422,Namatanai,PG,2021-07-22 16:43:26,-3.6667,152.4333,78.01,82,73,6.98
423,Chulman,RU,2021-07-22 16:43:26,56.8479,124.9104,57.13,95,79,2.8
424,Kenai,US,2021-07-22 16:43:27,60.5544,-151.2583,55.09,96,90,8.05
425,Alyangula,AU,2021-07-22 16:43:28,-13.8483,136.4192,66.07,94,47,4.61
426,Segou,ML,2021-07-22 16:43:28,13.4317,-6.2157,89.6,50,97,12.88
427,San Severo,IT,2021-07-22 16:43:29,41.6897,15.376,89.2,24,1,9.04
428,Sao Joao Da Barra,BR,2021-07-22 16:38:47,-21.6403,-41.0511,77.09,64,87,8.77
429,Itacare,BR,2021-07-22 16:43:29,-14.2775,-38.9967,80.49,67,85,12.88
430,Harnosand,SE,2021-07-22 16:43:30,62.6323,17.9379,66.2,53,56,17.29
431,Marystown,CA,2021-07-22 16:43:09,47.1666,-55.1483,59.5,86,100,7.14
432,East Millcreek,US,2021-07-22 16:43:31,40.7,-111.8105,89.69,40,75,1.99
433,Wagar,SD,2021-07-22 16:43:31,16.1525,36.2032,82.58,62,75,17.76
434,Midland,US,2021-07-22 16:41:17,31.9974,-102.0779,85.48,58,1,12.66
435,Namibe,AO,2021-07-22 16:43:32,-15.1961,12.1522,68.72,69,0,4.99
436,Melfort,CA,2021-07-22 16:43:32,52.8667,-104.6177,75.33,73,57,11.5
437,Baruun-Urt,MN,2021-07-22 16:43:33,46.6806,113.2792,67.01,79,12,7.27
438,Aranos,NA,2021-07-22 16:43:33,-24.1333,19.1167,46.87,15,1,11.25
439,Marawi,PH,2021-07-22 16:43:33,7.9986,124.2928,72.64,90,100,5.82
440,Ust-Kulom,RU,2021-07-22 16:43:34,61.6864,53.6902,58.96,55,94,3.53
441,Innisfail,AU,2021-07-22 16:43:35,-17.5333,146.0333,61.84,82,15,3.49
442,Culiacan,MX,2021-07-22 16:41:30,24.7994,-107.3897,89.15,69,20,6.91
443,New Castle,US,2021-07-22 16:43:35,41.0037,-80.347,76.05,54,1,4.61
444,Guacimo,CR,2021-07-22 16:43:36,10.2104,-83.6807,88.38,93,99,4.21
445,Khairagarh,IN,2021-07-22 16:43:36,26.95,77.8167,83.57,76,94,2.3
446,Thinadhoo,MV,2021-07-22 16:41:16,0.5333,72.9333,81.97,74,100,9.19
447,Igarka,RU,2021-07-22 16:43:37,67.4667,86.5833,57.99,95,90,6.62
448,Hryshkivtsi,UA,2021-07-22 16:43:37,49.9353,28.6038,65.25,68,0,6.58
449,Atemar,RU,2021-07-22 16:43:38,54.181,45.4091,61.2,69,16,4.27
450,Pevek,RU,2021-07-22 16:43:39,69.7008,170.3133,39.06,73,96,1.99
451,Minot,US,2021-07-22 16:40:21,48.2325,-101.2963,83.39,83,90,5.75
452,Suntar,RU,2021-07-22 16:43:39,62.1444,117.6319,65.1,75,83,3.29
453,Kailua,US,2021-07-22 16:43:40,21.4022,-157.7394,78.78,69,20,11.5
454,Belogorsk,RU,2021-07-22 16:43:41,50.9158,128.4611,72.91,92,24,4.54
455,Besikduzu,TR,2021-07-22 16:43:41,41.052,39.2284,75.09,84,39,5.26
456,Havoysund,NO,2021-07-22 16:43:41,70.9963,24.6622,43.68,75,98,23.96
457,Kondinskoye,RU,2021-07-22 16:43:42,59.6481,67.41,67.01,65,81,7.2
458,Poronaysk,RU,2021-07-22 16:43:42,49.2167,143.1167,62.8,97,99,2.93
459,Aktash,RU,2021-07-22 16:43:43,50.3,87.7333,55.38,61,100,4.92
460,Santiago Del Estero,AR,2021-07-22 16:42:50,-27.7951,-64.2615,74.8,20,4,15.19
461,Lujan,AR,2021-07-22 16:43:43,-34.5703,-59.105,68.02,58,99,10.74
462,Llangefni,GB,2021-07-22 16:43:44,53.2556,-4.3106,84.06,45,75,10.36
463,Avera,US,2021-07-22 16:43:44,33.194,-82.5271,88.68,59,7,2.46
464,Odder,DK,2021-07-22 16:43:45,55.9731,10.153,75.54,65,6,13.62
465,Vardo,NO,2021-07-22 16:43:45,70.3705,31.1107,48.4,87,75,24.16
466,Joutseno,FI,2021-07-22 16:43:46,61.118,28.5076,66.25,59,91,15.14
467,Beidao,CN,2021-07-22 16:43:46,34.5686,105.8933,70.83,87,91,5.28
468,Aksarka,RU,2021-07-22 16:43:47,66.5606,67.7975,51.13,54,8,7.25
469,Savona,IT,2021-07-22 16:43:48,44.3,8.2667,88.52,84,1,4.5
470,Jalu,LY,2021-07-22 16:43:48,29.0331,21.5482,93.79,27,2,12.33
471,Mount Isa,AU,2021-07-22 16:43:49,-20.7333,139.5,55.17,54,100,0.0
472,Kapiri Mposhi,ZM,2021-07-22 16:43:49,-13.9652,28.6809,64.04,37,0,6.2
473,Yeppoon,AU,2021-07-22 16:43:50,-23.1333,150.7333,44.38,73,0,6.93
474,Quzhou,CN,2021-07-22 16:43:50,28.9594,118.8686,74.59,95,11,4.43
475,Clinton,US,2021-07-22 16:43:51,42.587,-82.9199,76.98,53,75,1.01
476,Kruisfontein,ZA,2021-07-22 16:40:47,-34.0033,24.7314,43.88,74,100,16.53
477,Qaqortoq,GL,2021-07-22 16:43:52,60.7167,-46.0333,55.9,76,34,8.55
478,Amol,IR,2021-07-22 16:43:52,36.4696,52.3507,81.93,77,15,4.23
479,Qandala,SO,2021-07-22 16:43:52,11.472,49.8728,91.0,50,12,11.27
480,Hobyo,SO,2021-07-22 16:43:53,5.3505,48.5268,78.53,80,50,31.63
481,Vila Velha,BR,2021-07-22 16:41:29,-20.3297,-40.2925,75.96,69,75,12.66
482,Saint-Georges,GD,2021-07-22 16:40:40,12.0564,-61.7485,87.48,74,20,20.71
483,Port Shepstone,ZA,2021-07-22 16:43:53,-30.7414,30.455,58.51,39,1,19.93
484,Jiguani,CU,2021-07-22 16:43:54,20.3667,-76.4272,91.18,42,12,7.52
485,Panaba,MX,2021-07-22 16:43:54,21.2833,-88.2667,96.71,35,3,10.42
486,Loandjili,CG,2021-07-22 16:43:55,-4.7561,11.8578,75.31,78,40,6.91
487,Simontornya,HU,2021-07-22 16:43:55,46.7546,18.5549,77.04,44,2,7.16
488,Sistranda,NO,2021-07-22 16:43:56,63.7256,8.834,53.56,83,84,18.72
489,Piranshahr,IR,2021-07-22 16:43:56,36.701,45.1413,75.45,24,0,7.25
490,Sorland,NO,2021-07-22 16:43:57,67.667,12.6934,49.86,82,99,13.94
491,Acapulco,MX,2021-07-22 16:42:05,16.8634,-99.8901,84.02,70,40,5.75
492,Havelock,US,2021-07-22 16:43:58,34.8791,-76.9013,88.99,74,40,8.05
493,Nobeoka,JP,2021-07-22 16:43:58,32.5833,131.6667,77.76,93,100,6.71
494,Komsomolskiy,UZ,2021-07-22 16:41:37,40.4272,71.7189,94.42,29,30,4.61
495,Ishigaki,JP,2021-07-22 16:43:59,24.3448,124.1572,82.49,89,100,55.92
496,Ambon,ID,2021-07-22 16:43:59,-3.6954,128.1814,75.34,94,40,2.3
497,Debre Tabor,ET,2021-07-22 16:44:00,11.85,38.0167,50.09,98,100,2.37
498,Karibib,NA,2021-07-22 16:44:00,-21.9333,15.8333,62.96,15,0,3.13
499,Salinopolis,BR,2021-07-22 16:42:53,-0.6136,-47.3561,82.99,75,66,13.49
500,Camana,PE,2021-07-22 16:44:01,-16.6228,-72.7111,65.5,73,57,7.38
501,Broken Hill,AU,2021-07-22 16:44:01,-31.95,141.4333,44.31,87,90,12.66
502,Pisco,PE,2021-07-22 16:44:02,-13.7,-76.2167,63.01,77,90,8.05
503,Celestun,MX,2021-07-22 16:44:02,20.8667,-90.4,90.0,55,1,7.58
504,Yerbogachen,RU,2021-07-22 16:44:02,61.2767,108.0108,58.19,91,100,4.09
505,Whitehorse,CA,2021-07-22 16:44:03,60.7161,-135.0538,54.37,66,75,4.61
506,Mahaplag,PH,2021-07-22 16:44:03,10.5788,124.9753,78.15,82,91,8.63
507,Gushikawa,JP,2021-07-22 16:44:04,26.3544,127.8686,80.6,92,90,25.32
508,Santa Fe,AR,2021-07-22 16:40:28,-31.6333,-60.7,74.01,34,88,7.0
509,Zemio,CF,2021-07-22 16:44:04,5.0314,25.1361,70.95,95,99,3.15
510,Cockburn Town,TC,2021-07-22 16:44:05,21.4612,-71.1419,87.76,62,40,11.5
511,High Rock,BS,2021-07-22 16:44:05,26.6208,-78.2833,89.62,70,97,6.06
512,Charters Towers,AU,2021-07-22 16:40:12,-20.1,146.2667,54.99,89,3,7.02
513,Jiazi,CN,2021-07-22 16:44:06,22.8779,116.067,81.19,81,95,10.76
514,Baunatal,DE,2021-07-22 16:44:06,51.2518,9.4075,75.85,46,20,3.44
515,Sao Joao Do Paraiso,BR,2021-07-22 16:44:07,-15.3136,-42.0144,82.58,29,1,11.14
516,Bilma,NE,2021-07-22 16:44:07,18.6853,12.9164,107.15,11,69,7.54
517,Palu,ID,2021-07-22 16:44:08,-0.8917,119.8707,76.44,91,99,2.62
518,Trelew,AR,2021-07-22 16:44:08,-43.249,-65.3051,62.02,27,100,12.88
519,Varhaug,NO,2021-07-22 16:44:09,58.6147,5.6457,63.48,82,46,22.88
520,Saurimo,AO,2021-07-22 16:44:09,-9.6608,20.3916,73.47,18,2,5.1
521,Mount Gambier,AU,2021-07-22 16:44:09,-37.8333,140.7667,42.71,93,90,10.36
522,Moose Factory,CA,2021-07-22 16:44:10,51.2585,-80.6094,68.0,73,75,6.91
523,Heihe,CN,2021-07-22 16:44:10,50.2441,127.4902,75.78,90,59,4.12
524,Coahuayana,MX,2021-07-22 16:40:14,18.7333,-103.6833,89.65,61,100,2.17
525,Denizli,TR,2021-07-22 16:44:11,37.8402,29.0698,95.85,26,0,17.87
526,Sao Filipe,CV,2021-07-22 16:44:12,14.8961,-24.4956,76.05,87,47,10.16
527,Copiapo,CL,2021-07-22 16:44:12,-27.3667,-70.3333,47.89,18,1,5.41
